No.,Ticker,Company,Sector,Industry,Country,Market Cap,P/E,Price,Change,Volume
1,SWN,Southwestern Energy Company,Basic Materials,Independent Oil & Gas,USA,1.04B,1.05,1.93,-5.39%,"20,723,554"
2,DO,"Diamond Offshore Drilling, Inc.",Basic Materials,Oil & Gas Drilling & Exploration,USA,790.02M,-,5.56,-1.59%,"3,929,154"
3,GE,General Electric Company,Industrial Goods,Diversified Machinery,USA,77.99B,-,8.94,-1.11%,"34,968,133"
4,F,Ford Motor Company,Consumer Goods,Auto Manufacturers - Major,USA,36.79B,17.93,9.16,0.88%,"21,509,244"
5,FCX,Freeport-McMoRan Inc.,Basic Materials,Copper,USA,14.10B,16.11,9.57,-0.83%,"11,987,861"
6,AMCR,Amcor plc,Consumer Goods,Packaging & Containers,Switzerland,15.55B,17.14,9.75,0.21%,"5,694,698"
7,OI,"Owens-Illinois, Inc.",Consumer Goods,Packaging & Containers,USA,1.60B,11.08,10.27,2.39%,"2,250,934"
8,MRO,Marathon Oil Corporation,Basic Materials,Independent Oil & Gas,USA,9.98B,10.40,12.27,0.57%,"9,005,827"
9,CTL,"CenturyLink, Inc.",Technology,Telecom Services - Domestic,USA,13.78B,-,12.48,0.73%,"11,717,592"
10,FOSL,"Fossil Group, Inc.",Consumer Goods,Textile - Apparel Footwear & Accessories,USA,614.87M,18.70,12.51,1.79%,"1,283,303"
11,NAVI,Navient Corporation,Financial,Credit Services,USA,3.02B,7.13,12.80,0.12%,"1,545,801"
12,DLPH,Delphi Technologies PLC,Consumer Goods,Auto Parts,United Kingdom,1.18B,5.47,13.40,1.90%,"1,205,364"
13,NWSA,News Corporation,Services,Broadcasting - TV,USA,8.25B,52.73,13.92,0.43%,"1,881,156"
14,HBAN,Huntington Bancshares Incorporated,Financial,Regional - Midwest Banks,USA,14.71B,11.32,14.27,-0.56%,"5,242,076"
15,NWS,News Corporation,Services,Broadcasting - TV,USA,-,54.98,14.30,0.88%,"572,639"
16,HPE,Hewlett Packard Enterprise Company,Technology,Communication Equipment,USA,20.24B,20.87,15.17,1.13%,"11,140,641"
17,HBI,Hanesbrands Inc.,Consumer Goods,Textile - Apparel Clothing,USA,5.51B,10.00,15.32,1.39%,"3,509,578"
18,M,"Macy's, Inc.",Services,Department Stores,USA,4.81B,4.81,15.54,1.64%,"9,525,086"
19,PBCT,"People's United Financial, Inc.",Financial,Savings & Loans,USA,6.22B,12.24,15.64,-0.51%,"2,254,168"
20,RF,Regions Financial Corporation,Financial,Regional - Southeast Banks,USA,15.72B,11.32,15.82,-0.88%,"6,976,548"
21,AES,The AES Corporation,Utilities,Electric Utilities,USA,10.85B,26.44,16.34,0.18%,"3,331,238"
22,IVZ,Invesco Ltd.,Financial,Asset Management,USA,7.88B,11.51,16.94,-0.47%,"4,247,061"
23,HST,"Host Hotels & Resorts, Inc.",Financial,REIT - Hotel/Motel,USA,12.78B,11.67,17.29,1.05%,"8,469,954"
24,GPS,"The Gap, Inc.",Services,Apparel Stores,USA,6.45B,6.83,17.36,1.05%,"4,003,280"
25,COG,Cabot Oil & Gas Corporation,Basic Materials,Independent Oil & Gas,USA,7.42B,9.11,17.57,0.23%,"8,071,239"
26,KEY,KeyCorp,Financial,Regional - Midwest Banks,USA,17.83B,10.68,17.84,-0.11%,"6,264,657"
27,UA,"Under Armour, Inc.",Consumer Goods,Textile - Apparel Clothing,USA,-,96.95,18.13,1.91%,"1,172,966"
28,NKTR,Nektar Therapeutics,Healthcare,Biotechnology,USA,3.18B,-,18.22,1.76%,"3,204,877"
29,NWL,Newell Brands Inc.,Consumer Goods,Housewares & Accessories,USA,7.97B,-,18.72,2.86%,"9,552,990"
30,HAL,Halliburton Company,Basic Materials,Oil & Gas Equipment & Services,USA,16.99B,12.88,18.85,0.64%,"9,883,414"
31,HPQ,HP Inc.,Technology,Diversified Computer Systems,USA,28.36B,6.95,18.92,2.10%,"24,391,650"
32,LB,"L Brands, Inc.",Services,Apparel Stores,USA,5.43B,9.51,19.59,3.43%,"3,753,537"
33,MYL,Mylan N.V.,Healthcare,Drugs - Generic,USA,10.45B,520.53,19.78,2.54%,"5,559,761"
34,UAA,"Under Armour, Inc.",Consumer Goods,Textile - Apparel Clothing,USA,8.67B,105.50,19.94,1.89%,"2,985,158"
35,AA,Alcoa Corporation,Basic Materials,Aluminum,USA,3.79B,-,20.07,-2.62%,"3,275,353"
36,MOS,The Mosaic Company,Basic Materials,Agricultural Chemicals,USA,7.79B,30.97,20.50,1.18%,"3,285,852"
37,KMI,"Kinder Morgan, Inc.",Basic Materials,Oil & Gas Pipelines,USA,46.32B,20.53,20.61,-0.29%,"7,111,752"
38,KIM,Kimco Realty Corporation,Financial,REIT - Retail,USA,8.78B,26.00,20.88,0.14%,"4,778,761"
39,NOV,"National Oilwell Varco, Inc.",Basic Materials,Oil & Gas Equipment & Services,USA,8.19B,-,21.20,-3.81%,"5,483,029"
40,NLSN,Nielsen Holdings plc,Technology,Information & Delivery Services,USA,7.67B,-,21.25,0.95%,"5,240,119"
41,IPG,"The Interpublic Group of Companies, Inc.",Services,Advertising Agencies,USA,8.33B,12.97,21.56,0.70%,"3,280,644"
42,NBL,"Noble Energy, Inc.",Basic Materials,Independent Oil & Gas,USA,10.85B,-,22.46,0.00%,"4,094,600"
43,WU,The Western Union Company,Financial,Credit Services,USA,9.96B,8.18,23.17,0.52%,"6,205,424"
44,BHGE,"Baker Hughes, a GE company",Basic Materials,Oil & Gas Equipment & Services,USA,23.71B,181.25,23.20,-3.49%,"8,175,388"
45,HRB,"H&R Block, Inc.",Services,Personal Services,USA,4.80B,11.20,23.62,1.24%,"3,343,999"
46,SYMC,Symantec Corporation,Technology,Security Software & Services,USA,14.75B,284.70,23.63,0.55%,"3,222,333"
47,VIAB,Viacom Inc.,Services,Entertainment - Diversified,USA,9.82B,6.01,24.03,0.21%,"4,209,539"
48,WMB,"The Williams Companies, Inc.",Basic Materials,Oil & Gas Pipelines,USA,29.16B,348.70,24.06,-0.58%,"5,805,461"
49,DVN,Devon Energy Corporation,Basic Materials,Independent Oil & Gas,USA,9.79B,9.39,24.06,-0.78%,"3,920,396"
50,FTI,TechnipFMC plc,Basic Materials,Oil & Gas Equipment & Services,USA,10.82B,-,24.14,-0.17%,"3,847,141"
51,DISCK,"Discovery, Inc.",Services,CATV Systems,USA,-,11.94,24.62,-0.36%,"2,160,345"
52,JNPR,"Juniper Networks, Inc.",Technology,Communication Equipment,USA,8.52B,17.52,24.75,-0.48%,"2,374,210"
53,APA,Apache Corporation,Basic Materials,Independent Oil & Gas,USA,9.65B,-,25.60,-0.39%,"3,767,549"
54,KR,The Kroger Co.,Services,Grocery Stores,USA,20.70B,12.76,25.78,0.16%,"6,116,403"
55,TPR,"Tapestry, Inc.",Consumer Goods,Textile - Apparel Footwear & Accessories,USA,7.53B,12.40,26.05,0.23%,"5,316,645"
56,DISCA,"Discovery, Inc.",Services,CATV Systems,USA,13.44B,11.11,26.63,-0.63%,"2,745,992"
57,AAL,American Airlines Group Inc.,Services,Major Airlines,USA,12.09B,8.12,26.97,-0.15%,"5,109,754"
58,FITB,Fifth Third Bancorp,Financial,Regional - Midwest Banks,USA,20.21B,9.23,27.38,-0.36%,"3,654,781"
59,WY,Weyerhaeuser Company,Industrial Goods,"Lumber, Wood Production",USA,20.72B,-,27.70,-0.32%,"2,462,791"
60,MGM,MGM Resorts International,Services,Resorts & Casinos,USA,14.67B,82.99,27.72,1.65%,"4,494,465"
61,KHC,The Kraft Heinz Company,Consumer Goods,Food - Major Diversified,USA,34.29B,-,27.93,0.34%,"4,796,227"
62,CTVA,"Corteva, Inc.",Basic Materials,Agricultural Chemicals,USA,20.98B,-,28.00,0.72%,"6,231,305"
63,URBN,"Urban Outfitters, Inc.",Services,Apparel Stores,USA,2.62B,11.58,28.09,7.21%,"4,884,016"
64,GLW,Corning Incorporated,Technology,Diversified Electronics,USA,22.27B,17.22,28.52,0.49%,"5,000,054"
65,BEN,"Franklin Resources, Inc.",Financial,Asset Management,USA,14.55B,11.40,28.86,0.80%,"2,704,961"
66,AMD,"Advanced Micro Devices, Inc.",Technology,Semiconductor - Broad Line,USA,32.76B,154.20,28.99,0.94%,"37,295,604"
67,BAC,Bank of America Corporation,Financial,Money Center Banks,USA,277.79B,10.38,29.17,-0.61%,"39,096,269"
68,UNM,Unum Group,Financial,Accident & Health Insurance,USA,6.27B,11.95,29.72,0.41%,"1,723,224"
69,XRX,Xerox Holdings Corporation,Technology,Information Technology Services,USA,6.63B,12.49,29.91,-1.38%,"2,197,222"
70,NI,NiSource Inc.,Utilities,Diversified Utilities,USA,11.37B,99.73,29.92,-0.37%,"3,632,429"
71,CNP,"CenterPoint Energy, Inc.",Utilities,Gas Utilities,USA,15.22B,26.61,30.18,0.60%,"5,390,684"
72,CAG,"Conagra Brands, Inc.",Consumer Goods,Processed & Packaged Goods,USA,15.28B,20.09,30.68,1.32%,"4,590,201"
73,LKQ,LKQ Corporation,Consumer Goods,Auto Parts,USA,9.72B,23.51,31.45,0.38%,"2,196,743"
74,PPL,PPL Corporation,Utilities,Electric Utilities,USA,22.82B,12.93,31.49,-0.35%,"6,773,997"
75,FOXA,Fox Corporation,Services,Entertainment - Diversified,USA,19.58B,12.28,31.53,0.30%,"3,152,790"
76,FOX,Fox Corporation,Services,Entertainment - Diversified,USA,-,12.28,31.54,0.19%,"700,216"
77,MAC,Macerich Company,Financial,REIT - Retail,USA,4.45B,41.24,31.59,-2.23%,"1,746,424"
78,IRM,Iron Mountain Incorporated,Technology,Business Software & Services,USA,9.22B,25.93,32.39,0.65%,"2,250,579"
79,FAST,Fastenal Company,Services,Industrial Equipment Wholesale,USA,18.73B,24.81,32.67,1.37%,"3,358,192"
80,CPRI,Capri Holdings Limited,Consumer Goods,Textile - Apparel Clothing,United Kingdom,5.04B,12.48,33.16,1.66%,"2,414,022"
81,JWN,"Nordstrom, Inc.",Services,Apparel Stores,USA,5.11B,11.16,33.67,2.37%,"2,259,107"
82,DRE,Duke Realty Corporation,Financial,REIT - Industrial,USA,12.30B,53.08,33.97,-0.21%,"2,081,743"
83,DISH,DISH Network Corporation,Services,CATV Systems,USA,16.79B,12.58,34.07,0.19%,"1,753,469"
84,ROL,"Rollins, Inc.",Services,Business Services,USA,11.28B,49.09,34.07,1.88%,"2,415,507"
85,SYF,Synchrony Financial,Financial,Credit Services,USA,22.64B,7.10,34.09,1.40%,"4,189,455"
86,SLB,Schlumberger Limited,Basic Materials,Oil & Gas Equipment & Services,USA,47.55B,22.72,34.17,-0.47%,"9,582,427"
87,CFG,"Citizens Financial Group, Inc.",Financial,Regional - Mid-Atlantic Banks,USA,16.20B,9.63,35.37,-0.03%,"2,718,656"
88,HCP,"HCP, Inc.",Financial,REIT - Healthcare Facilities,USA,17.43B,17.73,35.63,0.31%,"3,107,310"
89,PFE,Pfizer Inc.,Healthcare,Drug Manufacturers - Major,USA,199.84B,17.57,35.93,-0.80%,"16,109,198"
90,HOG,"Harley-Davidson, Inc.",Consumer Goods,Recreational Vehicles,USA,5.71B,13.21,35.97,0.73%,"1,786,709"
91,WRK,WestRock Company,Consumer Goods,Packaging & Containers,USA,9.34B,12.86,36.45,-0.08%,"2,142,117"
92,PHM,"PulteGroup, Inc.",Industrial Goods,Residential Construction,USA,10.10B,11.08,36.55,1.75%,"2,684,556"
93,BWA,BorgWarner Inc.,Consumer Goods,Auto Parts,USA,7.61B,9.67,36.68,0.80%,"1,238,194"
94,GM,General Motors Company,Consumer Goods,Auto Manufacturers - Major,USA,53.78B,6.10,37.48,0.16%,"7,476,976"
95,PNR,Pentair plc,Industrial Goods,Industrial Equipment & Components,United Kingdom,6.42B,17.23,37.80,0.37%,"1,032,539"
96,PWR,"Quanta Services, Inc.",Industrial Goods,General Contractors,USA,5.35B,17.56,37.80,0.08%,"1,237,140"
97,T,AT&T Inc.,Technology,Telecom Services - Domestic,USA,277.10B,16.63,37.84,1.10%,"28,334,638"
98,NEM,Newmont Goldcorp Corporation,Basic Materials,Gold,USA,31.88B,-,37.92,-1.25%,"8,069,452"
99,LM,"Legg Mason, Inc.",Financial,Asset Management,USA,3.32B,-,38.19,-0.44%,"686,725"
100,TRIP,"TripAdvisor, Inc.",Technology,Internet Information Providers,USA,5.31B,39.75,38.68,0.65%,"1,121,288"
101,EBAY,eBay Inc.,Services,"Specialty Retail, Other",USA,33.17B,18.68,38.98,1.59%,"6,149,241"
102,NRG,"NRG Energy, Inc.",Utilities,Diversified Utilities,USA,10.03B,26.42,39.60,0.41%,"1,822,145"
103,HP,"Helmerich & Payne, Inc.",Basic Materials,Oil & Gas Drilling & Exploration,USA,4.44B,-,40.07,-1.23%,"1,467,250"
104,CBS,CBS Corporation,Services,Entertainment - Diversified,USA,15.16B,5.04,40.37,0.12%,"2,986,991"
105,BSX,Boston Scientific Corporation,Healthcare,Medical Appliances & Equipment,USA,59.55B,42.79,40.69,0.94%,"7,847,816"
106,MO,"Altria Group, Inc.",Consumer Goods,Cigarettes,USA,77.41B,11.90,40.90,1.92%,"9,888,380"
107,LEG,"Leggett & Platt, Incorporated",Consumer Goods,Home Furnishings & Fixtures,USA,5.37B,19.14,40.94,0.05%,"802,230"
108,ADM,Archer-Daniels-Midland Company,Consumer Goods,Farm Products,USA,22.83B,18.04,41.07,0.32%,"2,256,826"
109,TWTR,"Twitter, Inc.",Technology,Internet Information Providers,USA,32.69B,13.66,41.20,-0.36%,"7,540,436"
110,SEE,Sealed Air Corporation,Consumer Goods,Packaging & Containers,USA,6.41B,24.18,41.51,0.34%,"1,042,376"
111,MAS,Masco Corporation,Industrial Goods,General Building Materials,USA,12.00B,17.12,41.68,0.00%,"2,031,084"
112,IP,International Paper Company,Consumer Goods,Packaging & Containers,USA,16.65B,10.74,41.82,0.38%,"2,551,541"
113,SCHW,The Charles Schwab Corporation,Financial,Investment Brokerage - National,USA,53.99B,15.76,41.83,1.01%,"4,930,512"
114,MS,Morgan Stanley,Financial,Investment Brokerage - National,USA,70.16B,9.30,42.67,-0.40%,"6,213,457"
115,MU,"Micron Technology, Inc.",Technology,Semiconductor- Memory Chips,USA,53.20B,5.07,42.85,-0.83%,"31,423,050"
116,CNC,Centene Corporation,Healthcare,Health Care Plans,USA,17.88B,14.22,43.26,0.21%,"4,832,627"
117,ETFC,E*TRADE Financial Corporation,Financial,Investment Brokerage - National,USA,10.62B,10.76,43.69,0.98%,"2,085,194"
118,CCL,Carnival Corporation & Plc,Services,Resorts & Casinos,USA,29.94B,9.90,43.71,0.30%,"4,721,916"
119,HRL,Hormel Foods Corporation,Consumer Goods,Meat Products,USA,23.35B,24.07,43.73,0.44%,"1,856,078"
120,JCI,Johnson Controls International plc,Consumer Goods,Auto Parts,USA,34.86B,34.64,43.89,0.50%,"3,961,617"
121,OXY,Occidental Petroleum Corporation,Basic Materials,Independent Oil & Gas,USA,40.02B,8.86,44.47,-1.48%,"6,496,381"
122,ZION,"Zions Bancorporation, National Association",Financial,Regional - Pacific Banks,USA,7.94B,10.72,44.52,0.36%,"1,236,734"
123,CMCSA,Comcast Corporation,Services,Entertainment - Diversified,USA,205.30B,16.98,45.08,0.60%,"13,892,900"
124,BK,The Bank of New York Mellon Corporation,Financial,Asset Management,USA,44.63B,12.08,45.21,1.53%,"5,693,600"
125,FLS,Flowserve Corporation,Industrial Goods,Diversified Machinery,USA,6.13B,30.57,46.71,-0.28%,"877,318"
126,CPB,Campbell Soup Company,Consumer Goods,Processed & Packaged Goods,USA,14.08B,29.72,46.92,0.11%,"1,600,478"
127,MET,"MetLife, Inc.",Financial,Life Insurance,USA,43.90B,7.75,47.16,-0.42%,"4,075,937"
128,CAH,"Cardinal Health, Inc.",Services,Drugs Wholesale,USA,14.02B,10.46,47.19,-0.80%,"2,460,894"
129,DOW,Dow Inc.,Basic Materials,Chemicals - Major Diversified,USA,35.53B,17.19,47.65,1.23%,"2,511,241"
130,AOS,A. O. Smith Corporation,Industrial Goods,Industrial Electrical Equipment,USA,7.82B,19.21,47.71,0.10%,"945,696"
131,XEC,Cimarex Energy Co.,Basic Materials,Independent Oil & Gas,USA,4.75B,7.74,47.94,0.17%,"1,119,467"
132,FE,FirstEnergy Corp.,Utilities,Electric Utilities,USA,25.82B,20.68,48.23,-0.41%,"6,638,537"
133,EXC,Exelon Corporation,Utilities,Diversified Utilities,USA,47.52B,20.62,48.31,-0.56%,"3,896,016"
134,UDR,"UDR, Inc.",Financial,REIT - Residential,USA,14.23B,58.27,48.48,0.31%,"1,653,014"
135,TXT,Textron Inc.,Industrial Goods,Aerospace/Defense - Major Diversified,USA,11.54B,9.99,48.96,-0.49%,"1,499,529"
136,CF,"CF Industries Holdings, Inc.",Basic Materials,Agricultural Chemicals,USA,10.87B,23.62,49.20,1.13%,"3,311,081"
137,CSCO,"Cisco Systems, Inc.",Technology,Communication Equipment,USA,209.72B,17.63,49.41,1.17%,"14,903,627"
138,KSS,Kohl's Corporation,Services,Department Stores,USA,7.83B,10.91,49.66,0.04%,"2,220,534"
139,AMAT,"Applied Materials, Inc.",Technology,Semiconductor Equipment & Materials,USA,48.63B,16.65,49.90,0.95%,"6,674,770"
140,WFC,Wells Fargo & Company,Financial,Money Center Banks,USA,225.44B,10.33,50.44,-0.53%,"26,784,612"
141,HOLX,"Hologic, Inc.",Healthcare,Medical Instruments & Supplies,USA,13.50B,-,50.49,1.77%,"3,600,941"
142,BMY,Bristol-Myers Squibb Company,Healthcare,Drug Manufacturers - Major,USA,82.96B,13.32,50.71,0.98%,"15,948,918"
143,NUE,Nucor Corporation,Basic Materials,Steel & Iron,USA,15.55B,7.16,50.91,1.80%,"1,828,888"
144,L,Loews Corporation,Financial,Property & Casualty Insurance,USA,15.46B,21.11,51.48,-0.06%,"833,105"
145,INTC,Intel Corporation,Technology,Semiconductor - Broad Line,USA,228.91B,12.07,51.53,1.48%,"13,652,056"
146,NCLH,Norwegian Cruise Line Holdings Ltd.,Services,Resorts & Casinos,USA,11.21B,11.61,51.77,1.47%,"1,104,337"
147,AIV,Apartment Investment and Management Company,Financial,REIT - Residential,USA,7.81B,8.60,52.14,0.62%,"892,735"
148,AFL,Aflac Incorporated,Financial,Accident & Health Insurance,USA,38.75B,12.69,52.32,0.83%,"3,951,025"
149,NTAP,"NetApp, Inc.",Technology,Data Storage Devices,USA,12.55B,13.41,52.51,-2.60%,"3,207,361"
150,FLIR,"FLIR Systems, Inc.",Technology,Scientific & Technical Instruments,USA,7.23B,26.07,52.59,-0.38%,"1,111,017"
151,DHI,"D.R. Horton, Inc.",Industrial Goods,Residential Construction,USA,19.59B,12.66,52.71,1.09%,"3,337,286"
152,ATVI,"Activision Blizzard, Inc.",Technology,Multimedia & Graphics Software,USA,42.06B,29.11,52.92,1.13%,"7,083,409"
153,CBRE,"CBRE Group, Inc.",Financial,Property Management,USA,17.94B,16.71,53.01,0.21%,"1,520,223"
154,XRAY,DENTSPLY SIRONA Inc.,Healthcare,Medical Instruments & Supplies,USA,12.06B,115.64,53.31,0.81%,"1,400,344"
155,BBT,BB&T Corporation,Financial,Regional - Southeast Banks,USA,40.88B,13.34,53.37,-0.17%,"6,651,102"
156,HFC,HollyFrontier Corporation,Basic Materials,Oil & Gas Refining & Marketing,USA,8.82B,10.09,53.64,0.11%,"1,260,109"
157,STX,Seagate Technology plc,Technology,Data Storage Devices,Ireland,14.17B,7.55,53.79,-0.03%,"2,010,166"
158,LNT,Alliant Energy Corporation,Utilities,Electric Utilities,USA,12.86B,25.22,53.93,-0.19%,"1,009,156"
159,LUV,Southwest Airlines Co.,Services,Regional Airlines,USA,29.16B,12.51,54.01,-0.61%,"3,712,839"
160,KO,The Coca-Cola Company,Consumer Goods,Beverages - Soft Drinks,USA,233.13B,32.19,54.44,0.24%,"9,391,335"
161,FBHS,"Fortune Brands Home & Security, Inc.",Consumer Goods,Home Furnishings & Fixtures,USA,7.63B,19.12,54.70,0.40%,"786,260"
162,ORCL,Oracle Corporation,Technology,Application Software,USA,180.52B,18.33,55.03,1.74%,"17,442,598"
163,GIS,"General Mills, Inc.",Consumer Goods,Processed & Packaged Goods,USA,33.39B,17.88,55.12,0.46%,"2,608,247"
164,WBA,"Walgreens Boots Alliance, Inc.",Services,Drug Stores,USA,49.65B,11.24,55.31,1.65%,"3,218,348"
165,MDLZ,"Mondelez International, Inc.",Consumer Goods,Confectioners,USA,80.21B,22.13,55.32,-0.13%,"4,408,083"
166,USB,U.S. Bancorp,Financial,Regional - Midwest Banks,USA,87.43B,13.00,55.34,-0.16%,"4,400,812"
167,RHI,Robert Half International Inc.,Services,Staffing & Outsourcing Services,USA,6.59B,14.57,55.66,1.90%,"845,960"
168,AIG,"American International Group, Inc.",Financial,Property & Casualty Insurance,USA,48.81B,-,55.70,-0.82%,"3,423,744"
169,TJX,"The TJX Companies, Inc.",Services,Department Stores,USA,67.87B,22.59,55.74,1.66%,"4,415,419"
170,LEN,Lennar Corporation,Industrial Goods,Residential Construction,USA,17.83B,9.56,55.85,2.07%,"3,565,593"
171,PRGO,Perrigo Company plc,Healthcare,Drug Related Products,Ireland,7.60B,87.19,55.89,1.66%,"623,323"
172,COP,ConocoPhillips,Basic Materials,Independent Oil & Gas,USA,64.16B,9.21,56.98,-1.59%,"5,921,768"
173,DVA,DaVita Inc.,Healthcare,Specialized Health Services,USA,9.10B,17.36,57.07,1.33%,"1,549,187"
174,PFG,"Principal Financial Group, Inc.",Financial,Life Insurance,USA,15.94B,10.74,57.14,-0.40%,"951,503"
175,TAP,Molson Coors Brewing Company,Consumer Goods,Beverages - Brewers,USA,12.41B,13.93,57.50,0.05%,"1,541,574"
176,DAL,"Delta Air Lines, Inc.",Services,Major Airlines,USA,37.77B,8.55,57.60,-1.17%,"5,206,534"
177,MXIM,"Maxim Integrated Products, Inc.",Technology,Semiconductor - Broad Line,USA,16.02B,18.97,57.91,1.21%,"1,124,180"
178,FSLR,"First Solar, Inc.",Technology,Semiconductor - Specialized,USA,6.54B,487.48,58.01,-0.77%,"2,799,647"
179,MNST,Monster Beverage Corporation,Consumer Goods,Beverages - Soft Drinks,USA,31.61B,30.22,58.06,0.43%,"1,472,369"
180,STT,State Street Corporation,Financial,Asset Management,USA,22.25B,10.92,59.19,-1.02%,"1,952,269"
181,WDC,Western Digital Corporation,Technology,Data Storage Devices,USA,18.04B,-,59.64,-1.41%,"3,786,565"
182,CTSH,Cognizant Technology Solutions Corporation,Technology,Information Technology Services,USA,33.80B,16.74,60.26,2.58%,"4,399,520"
183,LNC,Lincoln National Corporation,Financial,Life Insurance,USA,12.15B,8.52,60.32,-0.97%,"1,019,966"
184,VZ,Verizon Communications Inc.,Technology,Telecom Services - Domestic,USA,250.21B,15.78,60.36,0.10%,"9,396,235"
185,HES,Hess Corporation,Basic Materials,Independent Oil & Gas,USA,18.89B,-,60.48,0.58%,"2,440,311"
186,HIG,"The Hartford Financial Services Group, Inc.",Financial,Property & Casualty Insurance,USA,21.97B,14.00,60.61,0.26%,"1,627,646"
187,MPC,Marathon Petroleum Corporation,Basic Materials,Oil & Gas Refining & Marketing,USA,40.22B,13.17,60.75,-2.68%,"9,310,524"
188,SO,The Southern Company,Utilities,Electric Utilities,USA,64.66B,14.64,61.77,0.00%,"3,433,898"
189,PEG,Public Service Enterprise Group Incorporated,Utilities,Diversified Utilities,USA,31.53B,21.50,62.08,0.16%,"2,198,912"
190,BF-B,Brown-Forman Corporation,Consumer Goods,Beverages - Wineries & Distillers,USA,29.51B,41.09,62.78,0.18%,"2,425,910"
191,CVS,CVS Health Corporation,Healthcare,Health Care Plans,USA,82.05B,18.17,63.07,1.59%,"6,382,057"
192,GILD,"Gilead Sciences, Inc.",Healthcare,Drug Manufacturers - Major,USA,80.78B,13.69,63.38,0.76%,"8,290,007"
193,HSIC,"Henry Schein, Inc.",Services,Medical Equipment Wholesale,USA,9.41B,20.17,63.50,1.47%,"964,337"
194,VNO,Vornado Realty Trust,Financial,REIT - Diversified,USA,12.08B,4.24,63.67,-0.61%,"2,054,933"
195,CMS,CMS Energy Corporation,Utilities,Electric Utilities,USA,18.44B,33.00,63.95,-0.09%,"1,811,950"
196,K,Kellogg Company,Consumer Goods,Processed & Packaged Goods,USA,21.96B,25.97,64.35,0.39%,"2,069,128"
197,XEL,Xcel Energy Inc.,Utilities,Electric Utilities,USA,33.53B,26.52,64.89,-0.72%,"3,900,916"
198,ALK,"Alaska Air Group, Inc.",Services,Regional Airlines,USA,8.05B,15.92,64.91,1.14%,"808,615"
199,CMA,Comerica Incorporated,Financial,Money Center Banks,USA,10.03B,8.52,65.99,0.30%,"1,141,120"
200,CDNS,"Cadence Design Systems, Inc.",Technology,Application Software,USA,18.90B,43.94,66.08,1.35%,"1,592,153"
201,EMR,Emerson Electric Co.,Industrial Goods,Industrial Electrical Equipment,USA,41.07B,21.27,66.86,0.69%,"4,903,903"
202,INFO,IHS Markit Ltd.,Services,Business Services,United Kingdom,27.14B,72.62,66.88,1.83%,"2,802,795"
203,CXO,Concho Resources Inc.,Basic Materials,Oil & Gas Drilling & Exploration,USA,13.56B,27.75,67.90,-1.31%,"1,383,320"
204,CERN,Cerner Corporation,Technology,Healthcare Information Services,USA,21.70B,36.51,68.17,-0.29%,"3,190,935"
205,FTV,Fortive Corporation,Technology,Scientific & Technical Instruments,USA,22.80B,38.78,68.56,-0.06%,"2,229,525"
206,STI,"SunTrust Banks, Inc.",Financial,Money Center Banks,USA,30.53B,12.27,68.80,-0.07%,"3,635,029"
207,BBY,"Best Buy Co., Inc.",Services,Electronics Stores,USA,17.84B,12.29,68.99,1.05%,"1,805,176"
208,C,Citigroup Inc.,Financial,Money Center Banks,USA,158.12B,9.65,69.08,-0.55%,"8,653,039"
209,CSX,CSX Corporation,Services,Railroads,USA,55.70B,16.67,69.27,0.52%,"3,095,572"
210,REG,Regency Centers Corporation,Financial,REIT - Retail,USA,11.60B,40.35,69.49,0.59%,"1,014,899"
211,ALB,Albemarle Corporation,Basic Materials,Specialty Chemicals,USA,7.37B,14.06,69.52,2.03%,"1,368,362"
212,PCAR,PACCAR Inc,Consumer Goods,Trucks & Other Vehicles,USA,24.16B,10.30,70.01,1.45%,"1,493,954"
213,XOM,Exxon Mobil Corporation,Basic Materials,Major Integrated Oil & Gas,USA,301.58B,17.03,70.61,-1.22%,"9,764,698"
214,WAB,Wabtec Corporation,Services,Railroads,USA,13.76B,41.09,71.86,-0.19%,"776,305"
215,LW,"Lamb Weston Holdings, Inc.",Consumer Goods,Food - Major Diversified,USA,10.63B,23.02,72.72,-0.87%,"1,613,251"
216,BLL,Ball Corporation,Consumer Goods,Packaging & Containers,USA,24.73B,43.37,72.81,0.03%,"2,860,089"
217,VTR,"Ventas, Inc.",Financial,REIT - Healthcare Facilities,USA,27.24B,59.62,73.03,-0.84%,"1,479,076"
218,CL,Colgate-Palmolive Company,Consumer Goods,Personal Products,USA,63.17B,27.03,73.51,0.34%,"3,387,211"
219,OKE,"ONEOK, Inc.",Utilities,Gas Utilities,USA,30.51B,24.38,73.69,0.53%,"1,774,875"
220,EMN,Eastman Chemical Company,Basic Materials,Chemicals - Major Diversified,USA,10.17B,11.52,73.83,0.74%,"752,910"
221,QRVO,"Qorvo, Inc.",Technology,Semiconductor - Broad Line,USA,8.96B,46.19,74.14,1.24%,"735,493"
222,EOG,"EOG Resources, Inc.",Basic Materials,Independent Oil & Gas,USA,43.16B,12.26,74.22,-1.01%,"3,158,576"
223,INCY,Incyte Corporation,Healthcare,Biotechnology,USA,16.17B,52.65,74.23,1.94%,"1,224,680"
224,EXPD,"Expeditors International of Washington, Inc.",Services,Air Delivery & Freight Services,USA,12.61B,20.03,74.29,1.36%,"1,120,918"
225,CHD,"Church & Dwight Co., Inc.",Consumer Goods,Cleaning Products,USA,18.34B,31.43,75.24,-0.56%,"1,503,277"
226,EIX,Edison International,Utilities,Electric Utilities,USA,27.18B,-,75.42,-0.61%,"2,811,876"
227,ABBV,AbbVie Inc.,Healthcare,Drug Manufacturers - Major,USA,112.07B,27.29,75.72,1.16%,"8,312,062"
228,PM,Philip Morris International Inc.,Consumer Goods,Cigarettes,USA,118.39B,15.06,75.93,1.06%,"4,905,937"
229,QCOM,QUALCOMM Incorporated,Technology,Communication Equipment,USA,93.60B,26.87,76.28,-0.46%,"4,775,724"
230,A,"Agilent Technologies, Inc.",Healthcare,Medical Laboratories & Research,USA,23.75B,22.53,76.63,0.31%,"1,654,163"
231,O,Realty Income Corporation,Financial,REIT - Retail,USA,24.45B,59.17,76.68,-0.58%,"1,375,921"
232,FTNT,"Fortinet, Inc.",Technology,Application Software,USA,13.58B,33.23,76.76,0.72%,"1,231,501"
233,PGR,The Progressive Corporation,Financial,Property & Casualty Insurance,USA,45.12B,14.06,77.25,0.19%,"2,839,846"
234,OMC,Omnicom Group Inc.,Services,Advertising Agencies,USA,17.19B,12.90,78.30,0.67%,"1,311,896"
235,TMUS,"T-Mobile US, Inc.",Technology,Wireless Communications,USA,68.56B,20.59,78.77,1.56%,"2,183,157"
236,SWKS,"Skyworks Solutions, Inc.",Technology,Semiconductor - Integrated Circuits,USA,14.12B,15.33,79.25,2.30%,"1,911,310"
237,SYY,Sysco Corporation,Services,Food Wholesale,USA,40.71B,24.60,79.40,0.67%,"1,854,054"
238,XYL,Xylem Inc.,Industrial Goods,Diversified Machinery,USA,14.33B,24.83,79.62,-0.64%,"714,974"
239,AEE,Ameren Corporation,Utilities,Electric Utilities,USA,20.38B,24.83,80.05,0.06%,"1,550,162"
240,CPRT,"Copart, Inc.",Services,Auto Dealerships,USA,18.68B,32.51,80.33,0.78%,"1,048,033"
241,D,"Dominion Energy, Inc.",Utilities,Electric Utilities,USA,64.92B,52.18,81.04,0.06%,"2,710,134"
242,DFS,Discover Financial Services,Financial,Credit Services,USA,25.76B,9.50,81.09,-0.52%,"1,829,396"
243,SLG,SL Green Realty Corp.,Financial,REIT - Retail,USA,6.78B,29.60,81.75,-0.05%,"546,967"
244,ABC,AmerisourceBergen Corporation,Services,Drugs Wholesale,USA,17.38B,19.69,82.33,1.72%,"1,141,888"
245,PAYX,"Paychex, Inc.",Services,Staffing & Outsourcing Services,USA,30.02B,28.90,82.77,1.53%,"1,495,511"
246,ETN,Eaton Corporation plc,Industrial Goods,Diversified Machinery,Ireland,35.06B,16.17,83.15,0.17%,"1,749,329"
247,AMG,"Affiliated Managers Group, Inc.",Financial,Asset Management,USA,4.22B,-,83.35,0.49%,"346,886"
248,ABT,Abbott Laboratories,Healthcare,Medical Appliances & Equipment,USA,149.36B,50.89,83.67,2.24%,"4,280,578"
249,MRK,"Merck & Co., Inc.",Healthcare,Drug Manufacturers - Major,USA,218.05B,22.70,84.18,1.53%,"9,188,317"
250,GRMN,Garmin Ltd.,Technology,Scientific & Technical Instruments,Switzerland,16.01B,21.84,84.69,-0.14%,"723,038"
251,CHRW,"C.H. Robinson Worldwide, Inc.",Services,Air Delivery & Freight Services,USA,11.52B,16.95,84.78,1.18%,"1,073,473"
252,PKI,"PerkinElmer, Inc.",Healthcare,Medical Laboratories & Research,USA,9.48B,38.11,85.17,0.01%,"416,635"
253,PLD,"Prologis, Inc.",Financial,REIT - Industrial,USA,54.09B,29.83,85.22,-0.65%,"2,016,319"
254,VLO,Valero Energy Corporation,Basic Materials,Oil & Gas Refining & Marketing,USA,35.37B,14.20,85.24,0.95%,"2,899,570"
255,ES,Eversource Energy,Utilities,Diversified Utilities,USA,27.63B,31.41,85.47,0.15%,"2,223,803"
256,LDOS,"Leidos Holdings, Inc.",Technology,Information Technology Services,USA,12.66B,19.50,85.88,1.01%,"811,826"
257,TSN,"Tyson Foods, Inc.",Consumer Goods,Meat Products,USA,31.88B,14.33,86.14,1.10%,"2,078,505"
258,EQR,Equity Residential,Financial,REIT - Residential,USA,32.18B,43.99,86.26,0.01%,"1,462,978"
259,RSG,"Republic Services, Inc.",Industrial Goods,Waste Management,USA,27.96B,26.76,86.55,0.38%,"1,073,154"
260,BAX,Baxter International Inc.,Healthcare,Medical Instruments & Supplies,USA,45.59B,33.47,87.47,1.79%,"2,800,604"
261,FMC,FMC Corporation,Basic Materials,Chemicals - Major Diversified,USA,11.61B,17.56,87.68,1.80%,"1,207,865"
262,KMX,"CarMax, Inc.",Services,Auto Dealerships,USA,14.64B,16.92,88.00,0.59%,"1,182,087"
263,PVH,PVH Corp.,Consumer Goods,Textile - Apparel Clothing,USA,6.47B,10.29,88.23,0.58%,"717,359"
264,UAL,"United Airlines Holdings, Inc.",Services,Major Airlines,USA,22.79B,8.98,88.41,0.31%,"1,939,401"
265,SBUX,Starbucks Corporation,Services,Specialty Eateries,USA,107.55B,31.29,88.42,0.06%,"6,588,259"
266,VFC,V.F. Corporation,Consumer Goods,Textile - Apparel Clothing,USA,35.15B,28.86,88.99,0.23%,"1,516,944"
267,LYB,LyondellBasell Industries N.V.,Basic Materials,Specialty Chemicals,Netherlands,29.59B,9.33,89.47,0.87%,"2,764,408"
268,AJG,Arthur J. Gallagher & Co.,Financial,Insurance Brokers,USA,16.85B,23.85,89.57,0.86%,"538,985"
269,FANG,"Diamondback Energy, Inc.",Basic Materials,Independent Oil & Gas,USA,14.68B,14.38,89.91,-0.09%,"1,114,085"
270,PRU,"Prudential Financial, Inc.",Financial,Life Insurance,USA,36.46B,9.45,89.95,-0.23%,"1,960,668"
271,TSCO,Tractor Supply Company,Services,"Specialty Retail, Other",USA,10.78B,20.12,90.44,1.61%,"1,760,313"
272,WELL,Welltower Inc.,Financial,REIT - Healthcare Facilities,USA,36.87B,101.40,90.65,0.40%,"2,499,996"
273,COF,Capital One Financial Corporation,Financial,Credit Services,USA,42.69B,7.87,90.98,-0.39%,"1,618,897"
274,AKAM,"Akamai Technologies, Inc.",Technology,Internet Information Providers,USA,15.21B,35.54,91.38,1.77%,"1,328,647"
275,JEC,Jacobs Engineering Group Inc.,Services,Technical Services,USA,12.44B,30.27,91.50,0.89%,"641,205"
276,AME,"AMETEK, Inc.",Industrial Goods,Diversified Machinery,USA,20.90B,26.11,91.82,0.49%,"1,086,894"
277,ICE,"Intercontinental Exchange, Inc.",Financial,Diversified Investments,USA,52.70B,26.18,92.27,-0.14%,"2,037,309"
278,TIF,Tiffany & Co.,Services,Jewelry Stores,USA,11.22B,20.62,92.63,0.82%,"1,071,544"
279,MCHP,Microchip Technology Incorporated,Technology,Semiconductor - Broad Line,USA,22.38B,60.61,92.91,1.77%,"1,437,637"
280,HLT,Hilton Worldwide Holdings Inc.,Services,Lodging,USA,26.87B,33.75,93.11,1.82%,"2,006,853"
281,TEL,TE Connectivity Ltd.,Technology,Diversified Electronics,Switzerland,31.43B,9.91,93.18,0.51%,"1,156,808"
282,NTRS,Northern Trust Corporation,Financial,Asset Management,USA,20.23B,14.32,93.32,0.20%,"745,329"
283,AEP,"American Electric Power Company, Inc.",Utilities,Electric Utilities,USA,46.31B,23.59,93.69,-0.54%,"2,035,871"
284,NKE,"NIKE, Inc.",Consumer Goods,Textile - Apparel Footwear & Accessories,USA,146.94B,35.07,93.92,1.74%,"7,399,701"
285,ED,"Consolidated Edison, Inc.",Utilities,Electric Utilities,USA,31.39B,22.42,94.47,-0.16%,"1,395,689"
286,WEC,"WEC Energy Group, Inc.",Utilities,Electric Utilities,USA,30.32B,27.53,95.10,0.24%,"1,261,049"
287,RL,Ralph Lauren Corporation,Consumer Goods,Textile - Apparel Clothing,USA,7.29B,16.59,95.47,1.31%,"774,376"
288,GL,Globe Life Inc.,Financial,Life Insurance,USA,10.43B,15.15,95.76,-0.46%,"494,934"
289,DUK,Duke Energy Corporation,Utilities,Electric Utilities,USA,69.80B,21.16,95.86,-0.42%,"2,429,807"
290,XLNX,"Xilinx, Inc.",Technology,Semiconductor - Integrated Circuits,USA,24.55B,26.64,95.90,-0.05%,"3,965,421"
291,APH,Amphenol Corporation,Technology,Diversified Electronics,USA,28.90B,24.05,96.50,0.80%,"984,954"
292,CTXS,"Citrix Systems, Inc.",Technology,Business Software & Services,USA,12.64B,27.40,96.52,0.74%,"1,440,475"
293,FRC,First Republic Bank,Financial,Money Center Banks,USA,16.22B,19.44,96.70,-0.89%,"848,863"
294,PNW,Pinnacle West Capital Corporation,Utilities,Electric Utilities,USA,10.93B,22.01,97.07,-0.35%,"683,605"
295,KEYS,"Keysight Technologies, Inc.",Technology,Scientific & Technical Instruments,USA,18.81B,65.36,97.25,1.00%,"1,103,163"
296,EA,Electronic Arts Inc.,Technology,Multimedia & Graphics Software,USA,29.11B,13.71,97.82,2.25%,"2,521,960"
297,ALXN,"Alexion Pharmaceuticals, Inc.",Healthcare,Biotechnology,USA,22.17B,17.83,97.94,0.17%,"1,324,732"
298,CELG,Celgene Corporation,Healthcare,Drug Manufacturers - Major,USA,70.19B,13.69,99.30,0.46%,"4,995,813"
299,NDAQ,"Nasdaq, Inc.",Financial,Diversified Investments,USA,16.65B,20.03,99.35,-0.73%,"634,496"
300,DOV,Dover Corporation,Industrial Goods,Diversified Machinery,USA,14.39B,23.91,99.56,-0.57%,"658,515"
301,GPC,Genuine Parts Company,Services,"Specialty Retail, Other",USA,14.33B,18.49,99.59,0.67%,"681,085"
302,MMC,"Marsh & McLennan Companies, Inc.",Financial,Insurance Brokers,USA,50.92B,34.79,100.05,0.29%,"1,047,720"
303,PSX,Phillips 66,Basic Materials,Oil & Gas Refining & Marketing,USA,46.33B,8.85,102.40,-1.22%,"1,801,218"
304,PYPL,"PayPal Holdings, Inc.",Financial,Credit Services,USA,124.69B,49.45,103.59,1.36%,"7,390,698"
305,FISV,"Fiserv, Inc.",Services,Business Services,USA,72.08B,42.72,103.59,0.96%,"2,196,300"
306,ALLE,Allegion plc,Services,Security & Protection Services,Ireland,9.69B,23.70,103.65,1.12%,"695,328"
307,PKG,Packaging Corporation of America,Consumer Goods,Packaging & Containers,USA,9.94B,12.72,106.10,0.47%,"571,444"
308,TGT,Target Corporation,Services,"Discount, Variety Stores",USA,54.71B,17.95,106.91,0.74%,"3,594,087"
309,DGX,Quest Diagnostics Incorporated,Healthcare,Medical Laboratories & Research,USA,14.55B,20.77,107.03,1.46%,"730,916"
310,RCL,Royal Caribbean Cruises Ltd.,Services,Resorts & Casinos,USA,22.68B,12.31,108.33,1.21%,"1,301,776"
311,MDT,Medtronic plc,Healthcare,Medical Appliances & Equipment,USA,145.84B,33.20,108.62,1.21%,"3,626,338"
312,ALL,The Allstate Corporation,Financial,Property & Casualty Insurance,USA,35.87B,14.40,108.68,0.79%,"2,162,925"
313,WYNN,"Wynn Resorts, Limited",Services,Resorts & Casinos,USA,11.93B,27.28,108.72,0.44%,"1,499,426"
314,ROST,"Ross Stores, Inc.",Services,Apparel Stores,USA,39.30B,24.97,109.85,0.73%,"1,582,758"
315,LOW,"Lowe's Companies, Inc.",Services,Home Improvement Stores,USA,85.78B,34.36,109.96,0.38%,"4,024,135"
316,SJM,The J. M. Smucker Company,Consumer Goods,Processed & Packaged Goods,USA,12.56B,23.33,110.02,0.90%,"555,502"
317,JBHT,"J.B. Hunt Transport Services, Inc.",Services,Trucking,USA,12.10B,24.74,110.65,-0.35%,"942,760"
318,ADI,"Analog Devices, Inc.",Technology,Semiconductor - Integrated Circuits,USA,42.05B,27.45,111.73,0.62%,"2,276,592"
319,LLY,Eli Lilly and Company,Healthcare,Drug Manufacturers - Major,USA,107.44B,25.42,111.83,-0.48%,"2,374,704"
320,YUM,"YUM! Brands, Inc.",Services,Restaurants,USA,34.82B,27.71,113.43,0.39%,"1,238,144"
321,AVY,Avery Dennison Corporation,Consumer Goods,Business Equipment,USA,9.54B,40.97,113.57,0.66%,"291,751"
322,ATO,Atmos Energy Corporation,Utilities,Gas Utilities,USA,13.53B,26.79,113.89,-0.14%,"636,571"
323,DLTR,"Dollar Tree, Inc.",Services,"Discount, Variety Stores",USA,26.58B,-,114.16,-0.12%,"2,011,764"
324,TROW,"T. Rowe Price Group, Inc.",Financial,Asset Management,USA,26.68B,14.38,114.25,1.08%,"1,016,248"
325,CBOE,"Cboe Global Markets, Inc.",Financial,Diversified Investments,USA,12.83B,25.23,114.91,-0.46%,"644,587"
326,WM,"Waste Management, Inc.",Industrial Goods,Waste Management,USA,49.43B,28.22,115.00,1.24%,"1,704,474"
327,CINF,Cincinnati Financial Corporation,Financial,Property & Casualty Insurance,USA,19.19B,15.74,116.67,0.79%,"522,917"
328,EXR,Extra Space Storage Inc.,Financial,REIT - Industrial,USA,15.18B,35.59,116.82,0.11%,"727,655"
329,ETR,Entergy Corporation,Utilities,Electric Utilities,USA,23.34B,23.03,117.36,-0.12%,"1,132,058"
330,JPM,JPMorgan Chase & Co.,Financial,Money Center Banks,USA,374.11B,11.98,117.69,-0.03%,"9,746,124"
331,DRI,"Darden Restaurants, Inc.",Services,Restaurants,USA,14.53B,20.47,118.22,1.60%,"1,355,268"
332,AXP,American Express Company,Financial,Credit Services,USA,98.40B,15.79,118.28,-0.26%,"2,344,709"
333,PPG,"PPG Industries, Inc.",Basic Materials,Specialty Chemicals,USA,28.08B,23.85,118.51,0.25%,"840,498"
334,CVX,Chevron Corporation,Basic Materials,Major Integrated Oil & Gas,USA,228.11B,15.38,118.60,0.00%,"6,106,110"
335,WMT,Walmart Inc.,Services,"Discount, Variety Stores",USA,337.13B,25.82,118.68,0.19%,"3,399,682"
336,HAS,"Hasbro, Inc.",Consumer Goods,Toys & Games,USA,14.80B,49.58,118.69,-0.11%,"672,074"
337,VAR,"Varian Medical Systems, Inc.",Healthcare,Medical Instruments & Supplies,USA,10.84B,32.31,119.09,0.79%,"544,911"
338,UPS,"United Parcel Service, Inc.",Services,Air Delivery & Freight Services,USA,102.46B,21.90,119.82,0.73%,"2,638,402"
339,HCA,"HCA Healthcare, Inc.",Healthcare,Hospitals,USA,40.77B,12.67,120.42,1.23%,"2,461,615"
340,CE,Celanese Corporation,Basic Materials,Chemicals - Major Diversified,USA,15.06B,15.32,122.29,0.12%,"754,330"
341,IFF,International Flavors & Fragrances Inc.,Basic Materials,Specialty Chemicals,USA,13.74B,32.67,122.69,1.56%,"895,869"
342,IR,Ingersoll-Rand Plc,Industrial Goods,Diversified Machinery,Ireland,29.75B,21.29,123.21,-0.28%,"1,055,193"
343,CDW,CDW Corporation,Technology,Information Technology Services,USA,18.07B,26.90,123.24,1.19%,"1,702,928"
344,MHK,"Mohawk Industries, Inc.",Consumer Goods,Home Furnishings & Fixtures,USA,8.80B,11.37,124.07,0.40%,"384,935"
345,AWK,"American Water Works Company, Inc.",Utilities,Water Utilities,USA,22.60B,37.81,124.23,-0.01%,"1,369,761"
346,MAR,"Marriott International, Inc.",Services,Lodging,USA,41.27B,29.73,124.37,2.98%,"2,770,718"
347,PG,The Procter & Gamble Company,Consumer Goods,Personal Products,USA,330.04B,83.93,124.38,-0.15%,"5,184,896"
348,BR,"Broadridge Financial Solutions, Inc.",Technology,Information & Delivery Services,USA,14.54B,30.54,124.43,0.44%,"535,226"
349,ZTS,Zoetis Inc.,Healthcare,Drugs - Generic,USA,60.54B,44.17,124.59,0.56%,"1,836,201"
350,URI,"United Rentals, Inc.",Services,Rental & Leasing Services,USA,9.83B,9.23,124.64,-0.12%,"1,205,619"
351,TTWO,"Take-Two Interactive Software, Inc.",Technology,Multimedia & Graphics Software,USA,14.51B,47.41,125.34,1.11%,"811,417"
352,PXD,Pioneer Natural Resources Company,Basic Materials,Independent Oil & Gas,USA,21.03B,23.63,125.77,-0.44%,"1,560,451"
353,AIZ,"Assurant, Inc.",Financial,Accident & Health Insurance,USA,7.77B,22.14,125.82,0.28%,"365,866"
354,CAT,Caterpillar Inc.,Industrial Goods,Farm & Construction Machinery,USA,70.95B,12.30,126.31,-0.22%,"2,794,715"
355,ADS,Alliance Data Systems Corporation,Services,Business Services,USA,6.62B,7.95,128.13,1.35%,"456,660"
356,TXN,Texas Instruments Incorporated,Technology,Semiconductor - Broad Line,USA,121.58B,23.62,129.24,1.65%,"4,233,361"
357,JNJ,Johnson & Johnson,Healthcare,Drug Manufacturers - Major,USA,342.12B,21.46,129.38,0.61%,"6,549,817"
358,BXP,"Boston Properties, Inc.",Financial,REIT - Office,USA,20.42B,37.86,129.66,-0.35%,"779,894"
359,DLR,"Digital Realty Trust, Inc.",Financial,REIT - Office,USA,27.04B,119.42,129.81,0.75%,"982,693"
360,DIS,The Walt Disney Company,Services,Entertainment - Diversified,USA,237.12B,16.75,130.32,0.28%,"5,380,154"
361,FIS,"Fidelity National Information Services, Inc.",Technology,Information Technology Services,USA,83.15B,57.82,132.76,1.59%,"3,125,202"
362,DTE,DTE Energy Company,Utilities,Electric Utilities,USA,24.55B,21.94,132.96,0.35%,"894,002"
363,KSU,Kansas City Southern,Services,Railroads,USA,13.36B,24.53,133.01,0.37%,"588,492"
364,EXPE,"Expedia Group, Inc.",Services,Lodging,USA,19.80B,33.18,134.41,1.69%,"1,223,363"
365,RMD,ResMed Inc.,Healthcare,Medical Instruments & Supplies,USA,19.56B,47.42,135.11,1.13%,"447,470"
366,IPGP,IPG Photonics Corporation,Technology,Semiconductor Equipment & Materials,USA,7.28B,23.21,135.60,2.09%,"272,697"
367,FRT,Federal Realty Investment Trust,Financial,REIT - Retail,USA,10.17B,41.29,136.14,-0.31%,"354,110"
368,UTX,United Technologies Corporation,Industrial Goods,Aerospace/Defense Products & Services,USA,118.79B,19.62,136.52,0.10%,"2,566,439"
369,MCK,McKesson Corporation,Services,Drugs Wholesale,USA,25.95B,51.65,136.66,0.83%,"1,905,893"
370,PEP,"PepsiCo, Inc.",Consumer Goods,Beverages - Soft Drinks,USA,191.86B,16.24,137.10,1.11%,"3,704,643"
371,SNPS,"Synopsys, Inc.",Technology,Semiconductor Equipment & Materials,USA,21.31B,34.00,137.25,0.76%,"893,034"
372,ZBH,"Zimmer Biomet Holdings, Inc.",Healthcare,Medical Appliances & Equipment,USA,28.75B,-,137.27,2.34%,"803,105"
373,CCI,Crown Castle International Corp. (REIT),Technology,Diversified Communication Services,USA,59.53B,80.49,139.01,0.83%,"2,492,974"
374,MSFT,Microsoft Corporation,Technology,Business Software & Services,USA,1075.50B,29.29,139.03,0.94%,"17,280,917"
375,PNC,"The PNC Financial Services Group, Inc.",Financial,Money Center Banks,USA,62.28B,12.66,140.16,-0.16%,"1,726,325"
376,FFIV,"F5 Networks, Inc.",Technology,Business Software & Services,USA,8.44B,18.18,140.42,0.51%,"404,664"
377,EFX,Equifax Inc.,Financial,Credit Services,USA,17.23B,-,140.67,-0.45%,"701,200"
378,KMB,Kimberly-Clark Corporation,Consumer Goods,Personal Products,USA,48.89B,26.85,142.05,-0.01%,"1,399,294"
379,IT,"Gartner, Inc.",Technology,Information Technology Services,USA,13.05B,61.13,142.99,0.63%,"784,352"
380,SWK,"Stanley Black & Decker, Inc.",Industrial Goods,Machine Tools & Accessories,USA,21.80B,25.70,144.41,0.92%,"648,709"
381,DHR,Danaher Corporation,Industrial Goods,Diversified Machinery,USA,104.49B,42.40,144.43,2.03%,"2,150,052"
382,IBM,International Business Machines Corporation,Technology,Information Technology Services,USA,129.10B,12.11,145.42,1.52%,"3,959,810"
383,FDX,FedEx Corporation,Services,Air Delivery & Freight Services,USA,38.03B,100.74,145.57,0.42%,"1,693,239"
384,JKHY,"Jack Henry & Associates, Inc.",Technology,Business Software & Services,USA,11.48B,41.54,145.97,1.57%,"667,920"
385,AMP,"Ameriprise Financial, Inc.",Financial,Asset Management,USA,20.02B,10.85,147.10,-0.30%,"923,922"
386,SRE,Sempra Energy,Utilities,Diversified Utilities,USA,40.60B,21.56,147.61,2.17%,"2,490,679"
387,ADSK,"Autodesk, Inc.",Technology,Technical & System Software,USA,33.30B,802.72,147.70,1.73%,"1,182,465"
388,CRM,"salesforce.com, inc.",Technology,Application Software,USA,133.76B,117.90,148.44,0.12%,"3,588,787"
389,TRV,"The Travelers Companies, Inc.",Financial,Property & Casualty Insurance,USA,38.74B,14.83,148.69,0.47%,"883,005"
390,UHS,"Universal Health Services, Inc.",Healthcare,Hospitals,USA,13.14B,17.09,148.75,1.31%,"593,422"
391,IQV,IQVIA Holdings Inc.,Healthcare,Medical Laboratories & Research,USA,29.97B,142.95,149.38,0.76%,"1,024,513"
392,VMC,Vulcan Materials Company,Industrial Goods,General Building Materials,USA,20.35B,35.64,151.24,1.48%,"1,211,732"
393,CI,Cigna Corporation,Healthcare,Health Care Plans,USA,57.44B,13.88,151.79,1.55%,"1,993,689"
394,CLX,The Clorox Company,Consumer Goods,Housewares & Accessories,USA,19.24B,24.01,151.87,-0.53%,"852,603"
395,HSY,The Hershey Company,Consumer Goods,Confectioners,USA,32.59B,26.99,154.99,0.79%,"822,164"
396,SPG,"Simon Property Group, Inc.",Financial,REIT - Retail,USA,48.05B,20.80,155.65,-1.46%,"1,254,897"
397,MKC,"McCormick & Company, Incorporated",Consumer Goods,Processed & Packaged Goods,USA,21.22B,30.67,156.30,-0.32%,"994,197"
398,ITW,Illinois Tool Works Inc.,Industrial Goods,Diversified Machinery,USA,50.75B,21.00,156.49,1.00%,"821,349"
399,SNA,Snap-on Incorporated,Industrial Goods,Small Tools & Accessories,USA,8.62B,12.68,156.54,0.77%,"327,422"
400,MTB,M&T Bank Corporation,Financial,Regional - Northeast Banks,USA,20.94B,11.30,157.97,-0.14%,"507,959"
401,VRSK,"Verisk Analytics, Inc.",Services,Business Services,USA,26.47B,44.22,158.14,1.64%,"911,085"
402,WHR,Whirlpool Corporation,Consumer Goods,Appliances,USA,10.02B,11.32,158.36,1.84%,"733,501"
403,DG,Dollar General Corporation,Services,"Discount, Variety Stores",USA,40.97B,25.73,158.94,-0.67%,"1,993,155"
404,GPN,Global Payments Inc.,Services,Business Services,USA,48.67B,54.55,159.00,1.38%,"2,146,524"
405,KLAC,KLA Corporation,Technology,Semiconductor Equipment & Materials,USA,25.82B,21.54,159.45,0.61%,"1,115,055"
406,ADP,"Automatic Data Processing, Inc.",Technology,Business Software & Services,USA,71.29B,30.80,161.42,0.62%,"1,489,401"
407,UNP,Union Pacific Corporation,Services,Railroads,USA,114.85B,19.24,161.98,-0.44%,"3,226,695"
408,CMI,Cummins Inc.,Industrial Goods,Diversified Machinery,USA,25.60B,10.34,162.67,0.85%,"990,342"
409,IEX,IDEX Corporation,Industrial Goods,Diversified Machinery,USA,12.38B,29.77,163.88,-0.40%,"309,308"
410,MMM,3M Company,Industrial Goods,Diversified Machinery,USA,94.97B,20.00,164.40,-0.08%,"2,508,024"
411,ROK,"Rockwell Automation, Inc.",Industrial Goods,Diversified Machinery,USA,19.38B,18.10,164.80,-0.87%,"1,149,608"
412,AAP,"Advance Auto Parts, Inc.",Services,Auto Parts Stores,USA,11.87B,25.16,165.40,2.30%,"964,400"
413,LH,Laboratory Corporation of America Holdings,Healthcare,Medical Laboratories & Research,USA,16.57B,19.19,168.00,1.55%,"425,573"
414,AGN,Allergan plc,Healthcare,Drugs - Generic,USA,55.17B,-,168.29,0.02%,"1,722,140"
415,DE,Deere & Company,Industrial Goods,Farm & Construction Machinery,USA,53.16B,16.71,168.68,1.46%,"1,808,628"
416,HON,Honeywell International Inc.,Industrial Goods,Diversified Machinery,USA,122.37B,19.12,169.20,0.69%,"2,079,444"
417,VRTX,Vertex Pharmaceuticals Incorporated,Healthcare,Biotechnology,USA,44.28B,67.23,169.42,1.61%,"1,432,333"
418,MSI,"Motorola Solutions, Inc.",Technology,Communication Equipment,USA,28.57B,31.26,170.41,0.13%,"936,489"
419,V,Visa Inc.,Financial,Credit Services,USA,377.29B,34.44,172.01,-1.14%,"16,343,142"
420,NVDA,NVIDIA Corporation,Technology,Semiconductor - Specialized,USA,109.45B,45.53,174.07,1.34%,"4,654,603"
421,ABMD,"Abiomed, Inc.",Healthcare,Medical Appliances & Equipment,USA,8.15B,31.82,177.89,1.14%,"624,234"
422,FB,"Facebook, Inc.",Technology,Internet Information Providers,USA,516.69B,30.18,178.08,0.55%,"10,739,941"
423,NSC,Norfolk Southern Corporation,Services,Railroads,USA,47.87B,17.44,179.66,-0.67%,"1,974,282"
424,PH,Parker-Hannifin Corporation,Industrial Goods,Industrial Equipment & Components,USA,23.17B,15.58,180.61,0.08%,"569,437"
425,ALGN,"Align Technology, Inc.",Healthcare,Medical Appliances & Equipment,USA,14.71B,35.06,180.92,2.89%,"948,130"
426,GD,General Dynamics Corporation,Industrial Goods,Aerospace/Defense Products & Services,USA,53.64B,16.19,182.73,-0.16%,"1,187,726"
427,VRSN,"VeriSign, Inc.",Technology,Internet Information Providers,USA,22.80B,25.73,188.63,0.74%,"532,832"
428,ACN,Accenture plc,Technology,Information Technology Services,Ireland,129.76B,26.14,192.35,0.51%,"2,024,139"
429,WLTW,Willis Towers Watson Public Limited Company,Financial,Insurance Brokers,United Kingdom,25.58B,29.84,192.97,0.14%,"526,080"
430,AMGN,Amgen Inc.,Healthcare,Drug Manufacturers - Major,USA,116.31B,15.33,193.51,-0.73%,"2,491,922"
431,AON,Aon plc,Financial,Insurance Brokers,United Kingdom,45.95B,32.60,193.57,0.05%,"601,818"
432,LIN,Linde plc,Basic Materials,Specialty Chemicals,United Kingdom,105.13B,20.65,193.72,1.13%,"1,026,483"
433,RTN,Raytheon Company,Industrial Goods,Aerospace/Defense Products & Services,USA,55.31B,18.13,196.19,0.34%,"1,306,202"
434,ECL,Ecolab Inc.,Basic Materials,Specialty Chemicals,USA,57.17B,36.95,198.04,0.13%,"784,814"
435,EL,The Estee Lauder Companies Inc.,Consumer Goods,Personal Products,USA,71.41B,41.18,198.95,1.33%,"1,299,946"
436,MCO,Moody's Corporation,Services,Business Services,USA,40.13B,33.39,204.83,-0.51%,"933,506"
437,GS,"The Goldman Sachs Group, Inc.",Financial,Investment Brokerage - National,USA,74.24B,9.18,207.23,-0.83%,"1,794,446"
438,STZ,"Constellation Brands, Inc.",Consumer Goods,Beverages - Wineries & Distillers,USA,39.54B,19.00,207.28,0.62%,"992,178"
439,BRK-B,Berkshire Hathaway Inc.,Financial,Property & Casualty Insurance,USA,513.18B,0.01,208.02,0.27%,"3,094,160"
440,LHX,"L3Harris Technologies, Inc.",Technology,Communication Equipment,USA,47.39B,26.47,208.64,-0.13%,"872,832"
441,SIVB,SVB Financial Group,Financial,Regional - Pacific Banks,USA,10.76B,9.69,208.95,1.36%,"429,481"
442,CME,CME Group Inc.,Financial,Investment Brokerage - National,USA,76.42B,41.25,211.34,-1.19%,"1,119,668"
443,HII,"Huntington Ingalls Industries, Inc.",Industrial Goods,Aerospace/Defense Products & Services,USA,8.79B,13.11,211.79,-0.75%,"163,292"
444,MCD,McDonald's Corporation,Services,Restaurants,USA,163.57B,27.86,214.71,0.73%,"2,479,381"
445,AVB,"AvalonBay Communities, Inc.",Financial,REIT - Residential,USA,30.26B,32.67,215.33,0.49%,"904,553"
446,SYK,Stryker Corporation,Healthcare,Medical Appliances & Equipment,USA,81.97B,41.26,216.30,1.26%,"1,309,619"
447,UNH,UnitedHealth Group Incorporated,Healthcare,Health Care Plans,USA,206.16B,16.32,217.32,0.96%,"5,284,592"
448,MSCI,MSCI Inc.,Technology,Processing Systems & Products,USA,19.10B,32.90,217.75,0.86%,"594,062"
449,EW,Edwards Lifesciences Corporation,Healthcare,Medical Appliances & Equipment,USA,46.64B,60.97,219.91,1.21%,"996,489"
450,AMT,American Tower Corporation (REIT),Financial,REIT - Diversified,USA,99.69B,66.85,221.13,0.98%,"1,693,952"
451,ANSS,"ANSYS, Inc.",Technology,Application Software,USA,18.87B,43.44,221.36,1.97%,"386,108"
452,APD,"Air Products and Chemicals, Inc.",Basic Materials,Chemicals - Major Diversified,USA,49.38B,28.43,221.86,0.36%,"634,626"
453,WAT,Waters Corporation,Healthcare,Medical Instruments & Supplies,USA,14.55B,28.65,223.23,0.31%,"438,405"
454,AAPL,Apple Inc.,Consumer Goods,Electronic Equipment,USA,1017.11B,19.46,223.97,2.35%,"25,975,889"
455,LRCX,Lam Research Corporation,Technology,Semiconductor Equipment & Materials,USA,35.33B,16.86,231.11,0.45%,"1,543,482"
456,HD,"The Home Depot, Inc.",Services,Home Improvement Stores,USA,254.02B,23.28,232.02,0.94%,"3,248,188"
457,BIIB,Biogen Inc.,Healthcare,Drug Manufacturers - Major,USA,42.94B,8.62,232.82,1.13%,"1,181,955"
458,NEE,"NextEra Energy, Inc.",Utilities,Electric Utilities,USA,114.08B,33.08,232.99,0.75%,"2,232,141"
459,ANET,"Arista Networks, Inc.",Technology,Diversified Computer Systems,USA,18.40B,26.37,238.92,-1.59%,"735,220"
460,ANTM,"Anthem, Inc.",Healthcare,Health Care Plans,USA,61.71B,15.59,240.10,1.01%,"1,391,223"
461,SBAC,SBA Communications Corporation,Technology,Diversified Communication Services,USA,28.33B,225.16,241.15,1.82%,"804,196"
462,SPGI,S&P Global Inc.,Services,Business Services,USA,62.70B,31.10,244.98,-0.56%,"2,630,714"
463,PSA,Public Storage,Financial,REIT - Industrial,USA,43.08B,29.29,245.27,0.11%,"877,553"
464,ULTA,"Ulta Beauty, Inc.",Services,"Specialty Retail, Other",USA,14.26B,21.22,250.65,2.56%,"2,312,983"
465,BDX,"Becton, Dickinson and Company",Healthcare,Medical Instruments & Supplies,USA,68.98B,63.18,252.96,1.99%,"1,665,501"
466,HUM,Humana Inc.,Healthcare,Health Care Plans,USA,35.39B,13.81,255.67,-0.75%,"1,385,086"
467,WCG,"WellCare Health Plans, Inc.",Healthcare,Health Care Plans,USA,13.04B,24.82,259.17,-0.05%,"700,627"
468,INTU,Intuit Inc.,Technology,Application Software,USA,70.88B,45.11,265.94,1.04%,"1,135,586"
469,RE,"Everest Re Group, Ltd.",Financial,Property & Casualty Insurance,Bermuda,10.86B,21.20,266.09,0.04%,"204,858"
470,NFLX,"Netflix, Inc.",Services,CATV Systems,USA,117.28B,107.74,267.62,1.73%,"6,725,537"
471,CTAS,Cintas Corporation,Services,Business Services,USA,28.30B,33.96,268.10,0.74%,"561,206"
472,MA,Mastercard Incorporated,Financial,Credit Services,USA,277.23B,42.32,271.57,0.91%,"3,035,385"
473,IDXX,"IDEXX Laboratories, Inc.",Healthcare,Diagnostic Substances,USA,23.63B,58.34,271.93,-0.20%,"459,269"
474,MLM,"Martin Marietta Materials, Inc.",Industrial Goods,General Building Materials,USA,17.30B,34.08,274.10,1.25%,"382,124"
475,AVGO,Broadcom Inc.,Technology,Semiconductor - Broad Line,Singapore,110.62B,38.42,276.07,0.70%,"1,982,583"
476,ADBE,Adobe Inc.,Technology,Application Software,USA,137.13B,48.94,276.25,-0.46%,"3,992,337"
477,REGN,"Regeneron Pharmaceuticals, Inc.",Healthcare,Biotechnology,USA,30.81B,15.94,277.40,1.44%,"515,052"
478,FLT,"FleetCor Technologies, Inc.",Services,Business Services,USA,25.23B,28.27,286.78,-0.42%,"1,219,957"
479,COST,Costco Wholesale Corporation,Services,"Discount, Variety Stores",USA,127.73B,37.10,288.11,0.76%,"2,151,512"
480,TMO,Thermo Fisher Scientific Inc.,Healthcare,Medical Laboratories & Research,USA,116.51B,33.01,291.27,1.35%,"1,508,694"
481,COO,"The Cooper Companies, Inc.",Healthcare,Medical Instruments & Supplies,USA,14.95B,31.88,297.00,0.93%,"264,025"
482,GWW,"W.W. Grainger, Inc.",Services,Industrial Equipment Wholesale,USA,16.14B,20.24,297.15,0.73%,"329,849"
483,ILMN,"Illumina, Inc.",Healthcare,Medical Instruments & Supplies,USA,44.72B,47.98,304.22,0.98%,"641,563"
484,ESS,"Essex Property Trust, Inc.",Financial,REIT - Residential,USA,21.73B,52.54,326.65,0.09%,"258,754"
485,MKTX,MarketAxess Holdings Inc.,Financial,Investment Brokerage - National,USA,12.64B,67.14,327.50,0.86%,"440,311"
486,TFX,Teleflex Incorporated,Healthcare,Medical Instruments & Supplies,USA,15.91B,59.19,339.75,1.23%,"275,728"
487,ROP,"Roper Technologies, Inc.",Industrial Goods,Diversified Machinery,USA,37.15B,33.67,356.60,0.56%,"409,284"
488,NOC,Northrop Grumman Corporation,Industrial Goods,Aerospace/Defense - Major Diversified,USA,65.29B,18.50,374.79,0.97%,"862,958"
489,BA,The Boeing Company,Industrial Goods,Aerospace/Defense Products & Services,USA,216.35B,44.57,380.47,-0.62%,"3,120,765"
490,LMT,Lockheed Martin Corporation,Industrial Goods,Aerospace/Defense Products & Services,USA,111.58B,19.15,390.06,0.56%,"1,271,150"
491,ORLY,"O'Reilly Automotive, Inc.",Services,Auto Parts Stores,USA,30.62B,23.76,398.51,1.02%,"359,706"
492,CHTR,"Charter Communications, Inc.",Services,CATV Systems,USA,92.35B,69.87,412.12,1.45%,"838,351"
493,BLK,"BlackRock, Inc.",Financial,Asset Management,USA,68.86B,16.94,445.64,-0.11%,"362,394"
494,TDG,TransDigm Group Incorporated,Industrial Goods,Aerospace/Defense Products & Services,USA,28.46B,38.94,520.67,0.48%,"210,599"
495,ISRG,"Intuitive Surgical, Inc.",Healthcare,Medical Instruments & Supplies,USA,63.34B,53.94,539.93,1.16%,"430,916"
496,SHW,The Sherwin-Williams Company,Basic Materials,Specialty Chemicals,USA,51.11B,44.52,549.87,1.03%,"337,311"
497,EQIX,"Equinix, Inc. (REIT)",Financial,REIT - Diversified,USA,49.47B,96.68,576.80,0.03%,"301,004"
498,MTD,Mettler-Toledo International Inc.,Healthcare,Medical Instruments & Supplies,USA,17.36B,32.52,704.40,0.73%,"171,666"
499,CMG,"Chipotle Mexican Grill, Inc.",Services,Restaurants,USA,23.26B,97.56,840.47,2.64%,"460,129"
500,AZO,"AutoZone, Inc.",Services,Auto Parts Stores,USA,26.61B,18.34,1084.62,-0.09%,"230,600"
501,GOOG,Alphabet Inc.,Technology,Internet Information Providers,USA,830.04B,24.61,1219.00,-0.50%,"1,403,997"
502,GOOGL,Alphabet Inc.,Technology,Internet Information Providers,USA,857.72B,24.65,1221.14,-0.39%,"1,223,425"
503,AMZN,"Amazon.com, Inc.",Services,Catalog & Mail Order Houses,USA,865.84B,72.92,1735.91,0.61%,"2,644,691"
504,BKNG,Booking Holdings Inc.,Services,Business Services,USA,84.90B,22.00,1962.61,0.94%,"226,453"
505,NVR,"NVR, Inc.",Industrial Goods,Residential Construction,USA,13.53B,17.90,3717.35,2.50%,"26,486"
